show,creators
Waitress,Jessie Nelson;Sara Bareilles
David Byrne's American Utopia,David Byrne
Freestyle Love Supreme,Lin-Manuel Miranda;Thomas Kail;Anthony Veneziale
Tina: The Tina Turner Musical,Katori Hall
Ain't Too Proud-The Life and Times of the Temptations,Dominique Morisseau
Mrs. Doubtfire,Karey Kirkpatrick;Wayne Kirkpatrick;John O'Farrell
Diana,Joe DiPietro;David Bryan
Flying Over Sunset,James Lapine;Tom Kitt;Michael Korie
Company,Stephen Sondheim;George Furth
MJ The Musical,Lynn Nottage
Paradise Square,Christina Anderson;Craig Lucas;Larry Kirwan;Jason Howland;Nathan Tysen;Masi Asare
Funny Girl,Isobel Lennart;Jule Styne;Bob Merrill;Harvey Fierstein
Mr. Saturday Night,Billy Crystal;Lowell Ganz;Babaloo Mandel;Jason Robert Brown;Amanda Green
A Strange Loop,Michael R. Jackson
1776,Peter Stone;Sherman Edwards
KPOP,Jason Kim;Helen Park;Max Vernon
Kimberly Akimbo,David Lindsay-Abaire;Jeanine Tesori
Walking with Ghosts,Gabriel Byrne
"A Beautiful Noise, The Neil Diamond Musical",Anthony McCarten;Neil Diamond
Some Like It Hot,Matthew Lopez;Amber Ruffin;Marc Shaiman;Scott Wittman
A Christmas Carol,Jack Thorne;Charles Dickens
Bad Cinderella,Andrew Lloyd Webber;Emerald Fennell;David Zippel
Parade,Alfred Uhry;Jason Robert Brown
Sweeney Todd,Stephen Sondheim;Hugh Wheeler
Dancin',Bob Fosse
Camelot,Alan Jay Lerner;Frederick Loewe;Aaron Sorkin
Shucked,Robert Horn;Brandy Clark;Shane McAnally
"New York, New York",David Thompson;Sharon Washington;John Kander;Fred Ebb
Once Upon A One More Time,Jon Hartmere
Here Lies Love,David Byrne;Fatboy Slim
Back To The Future,Bob Gale;Alan Silvestri;Glen Ballard
Gutenberg! The Musical!,Scott Brown;Anthony King
Melissa Etheridge: My Window,Melissa Etheridge
Merrily We Roll Along,Stephen Sondheim;George Furth
Harmony,Bruce Sussman;Barry Manilow
Spamalot,Eric Idle;John Du Prez
How to Dance in Ohio,Rebekah Greer Melocik;Jacob Yandura
Days Of Wine And Roses,Craig Lucas;Adam Guettel
The Notebook,Bekah Brunstetter;Ingrid Michaelson
Water For Elephants,Rick Elice;PigPen Theatre
The Who's Tommy,Pete Townshend;Des McAnuff
The Outsiders,Adam Rapp;Justin Levine;Jamestown Revival
Lempicka,Carson Kreitzer;Matt Gould
Hell's Kitchen,Kristoffer Diaz;Alicia Keys
Suffs,Shaina Taub
The Great Gatsby,Kait Kerrigan;Jason Howland;Nathan Tysen
The Heart of Rock and Roll,Jonathan Abrams;Huey Lewis
The Wiz,William F. Brown;Charlie Smalls;Amber Ruffin
Cabaret,Joe Masteroff;John Kander;Fred Ebb
Illinoise,Sufjan Stevens;Jackie Sibblies Drury
Once Upon a Mattress,Jay Thompson;Marshall Barer;Dean Fuller;Mary Rodgers;Amy Sherman-Palladino
Sunset Boulevard,Andrew Lloyd Webber;Don Black;Christopher Hampton
A Wonderful World: The Louis Armstrong Musical,Aurin Squire
Maybe Happy Ending,Will Aronson;Hue Park
Tammy Faye,James Graham;Elton John;Jake Shears
Death Becomes Her,Marco Pennette;Julia Mattison;Noel Carey
Swept Away,John Logan;Avett Brothers
Elf,Thomas Meehan;Bob Martin;Matthew Sklar;Chad Beguelin
Gypsy,Arthur Laurents;Jule Styne;Stephen Sondheim
Redwood,Tina Landau;Kate Diaz
Operation Mincemeat,David Cumming;Felix Hagan;Natasha Hodgson;Zoe Roberts
Buena Vista Social Club,Marco Ramirez
BOOP! The Musical,Bob Martin;David Foster;Susan Birkenhead
Smash,Bob Martin;Rick Elice;Marc Shaiman;Scott Wittman
The Last Five Years,Jason Robert Brown
Floyd Collins,Tina Landau;Adam Guettel
Stephen Sondheim's Old Friends,Stephen Sondheim
Just in Time,Warren Leight;Isaac Oliver
Pirates! The Penzance Musical,Rupert Holmes;W. S. Gilbert;Arthur Sullivan
Real Women Have Curves,Lisa Loomer;Joy Huerta;Benjamin Velez
Dead Outlaw,Itamar Moses;David Yazbek;Erik Della Penna
Mamma Mia!,Catherine Johnson;Benny Andersson;Bjorn Ulvaeus
Ragtime,Terrence McNally;Stephen Flaherty;Lynn Ahrens
Beetlejuice,Scott Brown;Anthony King;Eddie Perfect
The Queen of Versailles,Lindsey Ferrentino;Stephen Schwartz
Chess,Danny Strong;Tim Rice;Benny Andersson;Bjorn Ulvaeus
Two Strangers (Carry a Cake Across New York),Jim Barne;Kit Buchan
Cats: The Jellicle Ball,T. S. Eliot;Andrew Lloyd Webber
"Beaches, A New Musical",Iris Rainer Dart;Thom Thomas;David Austin
The Lost Boys,David Hornsby;Chris Hoch;The Rescues
The Rocky Horror Show,Richard O'Brien
Titaníque,Tye Blue;Marla Mindelle;Constantine Rousouli
Schmigadoon!,Cinco Paul
Lackawanna Blues,Ruben Santiago-Hudson
Is This A Room,Tina Satter
Thoughts of a Colored Man,Keenan Scott
Harry Potter and the Cursed Child,Jack Thorne;J. K. Rowling
The Minutes,Tracy Letts
The Kite Runner,Matthew Spangler
Cost of Living,Martyna Majok
Death of a Salesman,Arthur Miller
Topdog/Underdog,Suzan-Lori Parks
Ain't No Mo',Jordan E. Cooper
Ohio State Murders,Adrienne Kennedy
The Collaboration,Anthony McCarten
Pictures From Home,Sharr White
"Good Night, Oscar",Doug Wright
Prima Facie,Suzie Miller
Grey House,Levi Holloway
The Sign in Sidney Brustein's Window,Lorraine Hansberry
Just For Us,Alex Edelman
The Cottage,Sandy Rustin
Purlie Victorious,Ossie Davis
Jaja's African Hair Braiding,Jocelyn Bioh
Appropriate,Branden Jacobs-Jenkins
Prayer For The French Republic,Joshua Harmon
Mother Play,Paula Vogel
Patriots,Peter Morgan
Stereophonic,David Adjmi
Home,Samm-Art Williams
The Roommate,Jen Silverman
McNeal,Ayad Akhtar
The Hills of California,Jez Butterworth
Left on Tenth,Delia Ephron
Cult of Love,Leslye Headland
Eureka Day,Jonathan Spector
All In: Comedy About Love,Simon Rich
English,Sanaz Toossi
Purpose,Branden Jacobs-Jenkins
The Picture of Dorian Gray,Kip Williams;Oscar Wilde
John Proctor is the Villain,Kimberly Belflower
Call Me Izzy,Jamie Wax
Art,Yasmina Reza;Christopher Hampton
Punch,James Graham
Liberation,Bess Wohl
Oedipus,Robert Icke;Sophocles
Marjorie Prime,Jordan Harrison
All Out: Comedy About Ambition,Simon Rich
Giant,Mark Rosenblatt
The Fear of 13,Lindsey Ferrentino
Fallen Angels,Noel Coward
The Balusters,David Lindsay-Abaire
Paranormal Activity,Levi Holloway
Dana H.,Lucas Hnath
The Skin of Our Teeth,Thornton Wilder
