show,theatre,opening_date,running_time_minutes,source,source_url,status
Pass Over,August Wilson Theatre,,75,wikipedia,https://en.wikipedia.org/wiki/Pass_Over,ok
Hadestown,Walter Kerr Theatre,,,,,not_found
Waitress,Ethel Barrymore Theatre,,,,,not_found
Chicago,Ambassador Theatre,,,,,not_found
David Byrne's American Utopia,St. James Theatre,15-Oct-21,105,wikipedia,https://en.wikipedia.org/wiki/American_Utopia_(film),ok
Hamilton,Richard Rodgers Theatre,,,,,not_found
Lackawanna Blues,Samuel J. Friedman Theatre,27-Sep-21,,,,not_found
SIX: The Musical,Lena Horne Theatre,,,,,not_found
The Lion King,Minskoff Theatre,,88,wikipedia,https://en.wikipedia.org/wiki/The_Lion_King,ok
Wicked,Gershwin Theatre,,,,,not_found
Chicken & Biscuits,Circle in the Square Theatre,,,,,not_found
Come From Away,Gerald Schoenfeld Theatre,,,,,not_found
Is This A Room,Lyceum Theatre,12-Oct-21,,,,not_found
Moulin Rouge! The Musical,Al Hirschfeld Theatre,,,,,not_found
The Lehman Trilogy,Nederlander Theatre,,,,,not_found
Aladdin,New Amsterdam Theatre,,,,,not_found
Dana H.,Lyceum Theatre,,,,,not_found
Thoughts of a Colored Man,John Golden Theatre,,,,,not_found
"Caroline, or Change",Studio 54,,,,,not_found
Freestyle Love Supreme,Booth Theatre,,,,,not_found
Tina: The Tina Turner Musical,Lunt-Fontanne Theatre,09-Oct-21,,,,not_found
To Kill A Mockingbird,Sam S. Shubert Theatre,06-Oct-21,,,,not_found
Ain't Too Proud—The Life and Times of the Temptations,Imperial Theatre,18-Oct-21,,,,not_found
Girl From the North Country,Belasco Theatre,,,,,not_found
Jagged Little Pill,Broadhurst Theatre,22-Oct-21,,,,not_found
Mrs. Doubtfire,Stephen Sondheim Theatre,11-Dec-21,125,wikipedia,https://en.wikipedia.org/wiki/Mrs._Doubtfire,ok
The Phantom of the Opera,Majestic Theatre,,,,,not_found
Trouble in Mind,American Airlines Theatre,,,,,not_found
Clyde's,Hayes Theater,24-Nov-21,,,,not_found
Diana,Longacre Theatre,,,,,not_found
The Book of Mormon,Eugene O'Neill Theatre,,,,,not_found
Flying Over Sunset,Vivian Beaumont Theater,14-Dec-21,,,,not_found
Harry Potter and the Cursed Child,Lyric Theatre,,,,,not_found
Company,Bernard B. Jacobs Theatre,,,,,not_found
Slave Play,August Wilson Theatre,07-Oct-19,,,,not_found
Dear Evan Hansen,Music Box Theatre,,,,,not_found
MJ The Musical,Neil Simon Theatre,,,,,not_found
The Music Man,Winter Garden Theatre,,,,,not_found
Skeleton Crew,Samuel J. Friedman Theatre,,,,,not_found
Plaza Suite,Hudson Theatre,,,,,not_found
Take Me Out,Hayes Theater,16-Mar-26,,,,not_found
Birthday Candles,American Airlines Theatre,,,,,not_found
Paradise Square,Ethel Barrymore Theatre,04-Apr-22,,,,not_found
American Buffalo,Circle in the Square Theatre,,,,,not_found
Funny Girl,August Wilson Theatre,,,,,not_found
How I Learned to Drive,Samuel J. Friedman Theatre,20-Apr-22,,,,not_found
Macbeth,Longacre Theatre,,,,,not_found
Mr. Saturday Night,Nederlander Theatre,24-May-22,119,wikipedia,https://en.wikipedia.org/wiki/Mr._Saturday_Night,ok
The Little Prince,Broadway Theatre,,,,,not_found
The Minutes,Studio 54,18-Apr-22,,,,not_found
The Skin of Our Teeth,Vivian Beaumont Theater,,,,,not_found
for colored girls who have considered suicide/when the rainbow is enuf,Booth Theatre,21-Apr-22,,,,not_found
Beetlejuice,Marquis Theatre,,92,wikipedia,https://en.wikipedia.org/wiki/Beetlejuice,ok
Hangmen,John Golden Theatre,,,,,not_found
A Strange Loop,Lyceum Theatre,,,,,not_found
"POTUS: Or, Behind Every Great Dumbass Are Seven Women Trying to Keep Him Alive",Sam S. Shubert Theatre,,,,,not_found
Into the Woods,St. James Theatre,,,,,not_found
The Kite Runner,Hayes Theater,22-Jul-22,,,,not_found
1776,American Airlines Theatre,,,,,not_found
Cost of Living,Samuel J. Friedman Theatre,04-Oct-22,,,,not_found
Death of a Salesman,Hudson Theatre,,,,,not_found
Leopoldstadt,Longacre Theatre,,,,,not_found
The Piano Lesson,Ethel Barrymore Theatre,15-Oct-22,,,,not_found
Topdog/Underdog,John Golden Theatre,,,,,not_found
Almost Famous,Bernard B. Jacobs Theatre,05-Nov-22,122,wikipedia,https://en.wikipedia.org/wiki/Almost_Famous,ok
KPOP,Circle in the Square Theatre,22-Nov-22,,,,not_found
Kimberly Akimbo,Booth Theatre,,,,,not_found
Walking with Ghosts,Music Box Theatre,,,,,not_found
& Juliet,Stephen Sondheim Theatre,,,,,not_found
Mike Birbiglia: The Old Man & the Pool,Vivian Beaumont Theater,,,,,not_found
Take Me Out,Gerald Schoenfeld Theatre,16-Mar-26,,,,not_found
"A Beautiful Noise, The Neil Diamond Musical",Broadhurst Theatre,,,,,not_found
Some Like It Hot,Sam S. Shubert Theatre,,121,wikipedia,https://en.wikipedia.org/wiki/Some_Like_It_Hot,ok
A Christmas Carol,Nederlander Theatre,23-Nov-22,,,,not_found
Ain't No Mo',Belasco Theatre,,,,,not_found
Ohio State Murders,James Earl Jones Theatre,12-Dec-22,,,,not_found
Between Riverside and Crazy,Hayes Theater,22-Dec-22,,,,not_found
The Collaboration,Samuel J. Friedman Theatre,,,,,not_found
Pictures From Home,Studio 54,,,,,not_found
A Doll's House,Hudson Theatre,15-Mar-23,,,,not_found
Bad Cinderella,Imperial Theatre,08-May-23,,,,not_found
Parade,Bernard B. Jacobs Theatre,,,,,not_found
Sweeney Todd,Lunt-Fontanne Theatre,,,,,not_found
Dancin',Music Box Theatre,,,,,not_found
Camelot,Vivian Beaumont Theater,14-Apr-23,,,,not_found
Life of Pi,Gerald Schoenfeld Theatre,04-Apr-23,,,,not_found
Shucked,Nederlander Theatre,,,,,not_found
Jonas Brothers,Marquis Theatre,,,,,not_found
Peter Pan Goes Wrong,Ethel Barrymore Theatre,21-Jun-23,,,,not_found
Fat Ham,American Airlines Theatre,24-Apr-23,,,,not_found
"New York, New York",St. James Theatre,29-Apr-23,,,,not_found
The Thanksgiving Play,Hayes Theater,,,,,not_found
"Good Night, Oscar",Belasco Theatre,,,,,not_found
"Summer, 1976",Samuel J. Friedman Theatre,,,,,not_found
Prima Facie,John Golden Theatre,24-Apr-23,,,,not_found
Grey House,Lyceum Theatre,,,,,not_found
The Sign in Sidney Brustein's Window,James Earl Jones Theatre,05-May-23,,,,not_found
Once Upon A One More Time,Marquis Theatre,24-Jun-23,,,,not_found
Here Lies Love,Broadway Theatre,,,,,not_found
Just For Us,Hudson Theatre,,,,,not_found
Back To The Future,Winter Garden Theatre,,116,wikipedia,https://en.wikipedia.org/wiki/Back_to_the_Future,ok
The Cottage,Hayes Theater,26-Jul-23,,,,not_found
The Shark is Broken,John Golden Theatre,14-Aug-23,,,,not_found
El Mago Pop,Ethel Barrymore Theatre,,,,,not_found
Purlie Victorious,Music Box Theatre,12-Oct-23,,,,not_found
Gutenberg! The Musical!,James Earl Jones Theatre,16-Oct-23,,,,not_found
Jaja’s African Hair Braiding,Samuel J. Friedman Theatre,,,,,not_found
Melissa Etheridge: My Window,Circle in the Square Theatre,,,,,not_found
Merrily We Roll Along,Hudson Theatre,,,,,not_found
I Need That,American Airlines Theatre,,,,,not_found
Harmony,Ethel Barrymore Theatre,17-Jan-24,,,,not_found
Spamalot,St. James Theatre,,,,,not_found
How to Dance in Ohio,Belasco Theatre,08-Jan-24,89,wikipedia,https://en.wikipedia.org/wiki/How_to_Dance_in_Ohio,ok
Appropriate,Belasco Theatre,15-Apr-24,,,,not_found
Prayer For The French Republic,Samuel J. Friedman Theatre,17-Jan-24,,,,not_found
Days Of Wine And Roses,Studio 54,01-Feb-24,,,,not_found
Doubt,Todd Haimes Theatre,06-Mar-24,,,,not_found
The Notebook,Gerald Schoenfeld Theatre,,123,wikipedia,https://en.wikipedia.org/wiki/The_Notebook,ok
Water For Elephants,Imperial Theatre,30-Oct-24,,,,not_found
An Enemy of the People,Circle in the Square Theatre,27-Mar-24,,,,not_found
The Who's Tommy,Nederlander Theatre,,,,,not_found
The Outsiders,Bernard B. Jacobs Theatre,,,,,not_found
Lempicka,Longacre Theatre,15-Apr-24,,,,not_found
Hell's Kitchen,Sam S. Shubert Theatre,,,,,not_found
Suffs,Music Box Theatre,,,,,not_found
The Great Gatsby,Broadway Theatre,,,,,not_found
The Heart of Rock and Roll,James Earl Jones Theatre,24-Apr-24,,,,not_found
The Wiz,Marquis Theatre,18-Apr-24,,,,not_found
Cabaret,August Wilson Theatre,,,,,not_found
Mary Jane,Samuel J. Friedman Theatre,25-Apr-24,,,,not_found
Mother Play,Hayes Theater,29-Apr-24,,,,not_found
Patriots,Ethel Barrymore Theatre,01-May-24,,,,not_found
Stereophonic,John Golden Theatre,,,,,not_found
Uncle Vanya,Vivian Beaumont Theater,25-Apr-24,,,,not_found
Illinoise,St. James Theatre,10-May-24,,,,not_found
Home,Todd Haimes Theatre,,,,,not_found
Ben Platt: Live at the Palace,Palace Theatre,29-May-24,,,,not_found
"Oh, Mary!",Lyceum Theatre,,,,,not_found
JOB,Helen Hayes Theatre,05-Aug-24,,,,not_found
Once Upon a Mattress,Hudson Theatre,14-Aug-24,,,,not_found
The Roommate,Booth Theatre,21-Sep-24,91,wikipedia,https://en.wikipedia.org/wiki/The_Roommate,ok
McNeal,Vivian Beaumont Theater,02-Oct-24,,,,not_found
The Hills of California,Broadhurst Theatre,,,,,not_found
Yellow Face,Todd Haimes Theatre,07-Oct-24,,,,not_found
Our Town,Ethel Barrymore Theatre,15-Oct-24,,,,not_found
Left on Tenth,James Earl Jones Theatre,01-Nov-24,,,,not_found
Romeo and Juliet,Circle in the Square Theatre,12-Apr-27,,,,not_found
Sunset Boulevard,St. James Theatre,,,,,not_found
A Wonderful World: The Louis Armstrong Musical,Studio 54,14-Nov-24,,,,not_found
Maybe Happy Ending,Belasco Theatre,,,,,not_found
Tammy Faye,Palace Theatre,,,,,not_found
Death Becomes Her,Lunt-Fontanne Theatre,,104,wikipedia,https://en.wikipedia.org/wiki/Death_Becomes_Her,ok
Swept Away,Longacre Theatre,20-Nov-24,,,,not_found
Elf,Marquis Theatre,21-Nov-24,,,,not_found
Cult of Love,Hayes Theater,18-Dec-24,,,,not_found
Gypsy,Majestic Theatre,,,,,not_found
Eureka Day,Samuel J. Friedman Theatre,19-Dec-24,,,,not_found
All In: Comedy About Love,Hudson Theatre,,,,,not_found
English,Todd Haimes Theatre,,,,,not_found
Redwood,Nederlander Theatre,,,,,not_found
Operation Mincemeat,John Golden Theatre,,,,,not_found
Buena Vista Social Club,Gerald Schoenfeld Theatre,,,,,not_found
Othello,Ethel Barrymore Theatre,,,,,not_found
Purpose,Hayes Theater,,,,,not_found
BOOP! The Musical,Broadhurst Theatre,,,,,not_found
Glengarry Glen Ross,Palace Theatre,02-Apr-25,,,,not_found
"Good Night, and Good Luck",Winter Garden Theatre,25-Apr-25,93,wikipedia,https://en.wikipedia.org/wiki/Good_Night%2C_and_Good_Luck,ok
Smash,Imperial Theatre,,,,,not_found
The Picture of Dorian Gray,Music Box Theatre,31-Mar-25,,,,not_found
John Proctor is the Villain,Booth Theatre,,,,,not_found
The Last Five Years,Hudson Theatre,08-Apr-25,,,,not_found
Floyd Collins,Vivian Beaumont Theater,,,,,not_found
Stephen Sondheim's Old Friends,Samuel J. Friedman Theatre,12-Apr-25,,,,not_found
Stranger Things: The First Shadow,Marquis Theatre,,,,,not_found
Just in Time,Circle in the Square Theatre,,,,,not_found
Pirates! The Penzance Musical,Todd Haimes Theatre,29-Apr-25,,,,not_found
Real Women Have Curves,James Earl Jones Theatre,30-Apr-25,93,wikipedia,https://en.wikipedia.org/wiki/Real_Women_Have_Curves,ok
Dead Outlaw,Longacre Theatre,,,,,not_found
Call Me Izzy,Studio 54,13-Jun-25,,,,not_found
Mamma Mia!,Winter Garden Theatre,,,,,not_found
Jeff Ross: Take a Banana For the Ride,Nederlander Theatre,,,,,not_found
Art,Music Box Theatre,24-Sep-25,,,,not_found
Punch,Samuel J. Friedman Theatre,07-Oct-25,,,,not_found
Waiting for Godot,Hudson Theatre,06-Oct-25,,,,not_found
Ragtime,Vivian Beaumont Theater,,,,,not_found
Beetlejuice,Palace Theatre,,92,wikipedia,https://en.wikipedia.org/wiki/Beetlejuice,ok
Liberation,James Earl Jones Theatre,30-Oct-25,,,,not_found
Little Bear Ridge Road,Booth Theatre,31-Oct-25,,,,not_found
The Queen of Versailles,St. James Theatre,10-Nov-25,100,wikipedia,https://en.wikipedia.org/wiki/The_Queen_of_Versailles,ok
Chess,Imperial Theatre,,,,,not_found
Oedipus,Studio 54,17-Nov-25,,,,not_found
Rob Lake Magic with Special Guests The Muppets,Broadhurst Theatre,,,,,not_found
Two Strangers (Carry a Cake Across New York),Longacre Theatre,,,,,not_found
Marjorie Prime,Hayes Theater,,98,wikipedia,https://en.wikipedia.org/wiki/Marjorie_Prime,ok
All Out: Comedy About Ambition,Nederlander Theatre,,,,,not_found
Bug,Samuel J. Friedman Theatre,,,,,not_found
Every Brilliant Thing,Hudson Theatre,,,,,not_found
Death of a Salesman,Winter Garden Theatre,,,,,not_found
Dog Day Afternoon,August Wilson Theatre,01-Apr-26,125,wikipedia,https://en.wikipedia.org/wiki/Dog_Day_Afternoon,ok
Giant,Music Box Theatre,,,,,not_found
Becky Shaw,Hayes Theater,,,,,not_found
Cats: The Jellicle Ball,Broadhurst Theatre,,,,,not_found
The Fear of 13,James Earl Jones Theatre,16-Apr-26,96,wikipedia,https://en.wikipedia.org/wiki/The_Fear_of_13,ok
"Beaches, A New Musical",Majestic Theatre,28-Apr-26,,,,not_found
Fallen Angels,Todd Haimes Theatre,22-Apr-26,,,,not_found
The Lost Boys,Palace Theatre,,97,wikipedia,https://en.wikipedia.org/wiki/The_Lost_Boys,ok
The Rocky Horror Show,Studio 54,,,,,not_found
Titaníque,St. James Theatre,,,,,not_found
Joe Turner's Come and Gone,Ethel Barrymore Theatre,,,,,not_found
Proof,Booth Theatre,20-Apr-26,,,,not_found
Schmigadoon!,Nederlander Theatre,,,,,not_found
The Balusters,Samuel J. Friedman Theatre,27-Apr-26,,,,not_found
Celebrity Autobiography,Sam S. Shubert Theatre,,,,,not_found
Paranormal Activity,August Wilson Theatre,,86,wikipedia,https://en.wikipedia.org/wiki/Paranormal_Activity,ok
show,theatre,opening_date,,,,not_found
,,,,,,not_found
