show_id,show,theatre,opening_date,closing_date,run_number,is_revival,genre,condensed,find
1,Pass Over,August Wilson Theatre,08-Aug-21,10-Oct-21,1,0,Play,,O
2,Hadestown,Walter Kerr Theatre,05-Sep-21,,2,1,Musical,,O
3,Waitress,Ethel Barrymore Theatre,05-Sep-21,20-Dec-21,2,1,Musical,,
4,Chicago,Ambassador Theatre,19-Sep-21,,2,1,Musical,,O
5,David Byrne's American Utopia,St. James Theatre,15-Oct-21,03-Apr-22,2,1,Musical,,
6,Hamilton,Richard Rodgers Theatre,19-Sep-21,,2,1,Musical,,O
7,Lackawanna Blues,Samuel J. Friedman Theatre,27-Sep-21,12-Nov-21,1,0,Play,,
8,SIX: The Musical,Lena Horne Theatre,19-Sep-21,,2,1,Musical,,O
9,The Lion King,Minskoff Theatre,19-Sep-21,,2,1,Musical,,O
10,Wicked,Gershwin Theatre,19-Sep-21,,2,1,Musical,,O
11,Chicken & Biscuits,Circle in the Square Theatre,26-Sep-21,28-Nov-21,1,0,Play,,O
12,Come From Away,Gerald Schoenfeld Theatre,26-Sep-21,02-Oct-22,2,1,Musical,,O
13,Is This A Room,Lyceum Theatre,12-Oct-21,14-Nov-21,1,0,Play,,
14,Moulin Rouge! The Musical,Al Hirschfeld Theatre,26-Sep-21,30-Aug-26,2,1,Musical,,O
15,The Lehman Trilogy,Nederlander Theatre,26-Sep-21,02-Jan-22,2,1,Play,,O
16,Aladdin,New Amsterdam Theatre,03-Oct-21,,2,1,Musical,,O
17,Dana H.,Lyceum Theatre,03-Oct-21,28-Nov-21,1,0,,,
18,Thoughts of a Colored Man,John Golden Theatre,03-Oct-21,20-Dec-21,1,0,Play,,
19,"Caroline, or Change",Studio 54,10-Oct-21,29-Aug-04,2,1,Musical,,O
20,Freestyle Love Supreme,Booth Theatre,10-Oct-21,02-Jan-22,2,1,Musical,,
21,Tina: The Tina Turner Musical,Lunt-Fontanne Theatre,09-Oct-21,14-Aug-22,2,1,Musical,,
22,To Kill A Mockingbird,Sam S. Shubert Theatre,06-Oct-21,16-Jan-22,2,1,Play,,O
23,Ain't Too Proud-The Life and Times of the Temptations,Imperial Theatre,18-Oct-21,16-Jan-22,2,1,Musical,,
24,Girl From the North Country,Belasco Theatre,17-Oct-21,11-Jun-22,2,1,Musical,,O
25,Jagged Little Pill,Broadhurst Theatre,22-Oct-21,17-Dec-21,2,1,Musical,,O
26,Mrs. Doubtfire,Stephen Sondheim Theatre,11-Dec-21,29-May-22,1,0,Musical,,
27,The Phantom of the Opera,Majestic Theatre,24-Oct-21,16-Apr-23,2,1,Musical,,O
28,Trouble in Mind,American Airlines Theatre,31-Oct-21,09-Jan-22,1,0,Play,,O
29,Clyde's,Hayes Theater,24-Nov-21,16-Jan-22,1,0,Play,,O
30,Diana,Longacre Theatre,07-Nov-21,19-Dec-21,1,0,Musical,,
31,The Book of Mormon,Eugene O'Neill Theatre,07-Nov-21,,2,1,Musical,,O
32,Flying Over Sunset,Vivian Beaumont Theater,14-Dec-21,16-Jan-22,1,0,Musical,,
33,Harry Potter and the Cursed Child,Lyric Theatre,14-Nov-21,,2,1,Play,,
34,Company,Bernard B. Jacobs Theatre,21-Nov-21,01-Jul-07,4,1,Musical,,
35,Slave Play,August Wilson Theatre,07-Oct-19,19-Jan-20,2,1,Play,,O
36,Dear Evan Hansen,Music Box Theatre,12-Dec-21,18-Sep-22,2,1,Musical,,O
37,MJ The Musical,Neil Simon Theatre,12-Dec-21,,1,0,Musical,,
38,The Music Man,Winter Garden Theatre,26-Dec-21,30-Dec-01,2,1,Musical,,O
39,Skeleton Crew,Samuel J. Friedman Theatre,02-Jan-22,20-Feb-22,1,0,Play,,O
40,Plaza Suite,Hudson Theatre,27-Feb-22,26-Jun-22,1,0,Play,,O
41,Take Me Out,Hayes Theater,16-Mar-26,04-Jan-04,2,1,Play,,O
42,Birthday Candles,American Airlines Theatre,20-Mar-22,29-May-22,1,0,Play,,O
43,Paradise Square,Ethel Barrymore Theatre,04-Apr-22,17-Jul-22,1,0,Musical,,
44,American Buffalo,Circle in the Square Theatre,27-Mar-22,04-Feb-84,2,1,Play,,O
45,Funny Girl,August Wilson Theatre,27-Mar-22,03-Sep-23,1,0,Musical,,
46,How I Learned to Drive,Samuel J. Friedman Theatre,20-Apr-22,12-Jun-22,1,0,Play,,O
47,Macbeth,Longacre Theatre,03-Apr-22,10-Jul-22,5,1,Play,,O
48,Mr. Saturday Night,Nederlander Theatre,24-May-22,04-Sep-22,1,0,Musical,,
49,The Little Prince,Broadway Theatre,03-Apr-22,08-May-22,1,0,Play,,O
50,The Minutes,Studio 54,18-Apr-22,24-Jul-22,2,1,Play,,
51,The Skin of Our Teeth,Vivian Beaumont Theater,03-Apr-22,29-May-22,1,0,,,
52,for colored girls who have considered suicide/when the rainbow is enuf,Booth Theatre,21-Apr-22,05-Jun-22,1,0,Play,,O
53,Beetlejuice,Marquis Theatre,08-Apr-22,08-Jan-23,2,1,Musical,,O
54,Hangmen,John Golden Theatre,10-Apr-22,18-Jun-22,2,1,Play,,O
55,A Strange Loop,Lyceum Theatre,17-Apr-22,15-Jan-23,1,0,Musical,,
56,"POTUS: Or, Behind Every Great Dumbass Are Seven Women Trying to Keep Him Alive",Sam S. Shubert Theatre,17-Apr-22,14-Aug-22,1,0,Play,,O
57,Into the Woods,St. James Theatre,03-Jul-22,08-Jan-23,3,1,Musical,,O
58,The Kite Runner,Hayes Theater,22-Jul-22,30-Oct-22,1,0,Play,,
59,1776,American Airlines Theatre,18-Sep-22,14-Jun-98,2,1,Musical,,
60,Cost of Living,Samuel J. Friedman Theatre,04-Oct-22,06-Nov-22,1,0,Play,,
61,Death of a Salesman,Hudson Theatre,09-Oct-22,15-Jan-23,3,1,Play,,
62,Leopoldstadt,Longacre Theatre,18-Sep-22,02-Jul-23,1,0,Play,,O
63,The Piano Lesson,Ethel Barrymore Theatre,15-Oct-22,29-Jan-23,2,1,Play,,O
64,Topdog/Underdog,John Golden Theatre,02-Oct-22,11-Aug-02,1,0,Play,,
65,Almost Famous,Bernard B. Jacobs Theatre,05-Nov-22,08-Jan-23,1,0,Musical,,O
66,KPOP,Circle in the Square Theatre,22-Nov-22,11-Dec-22,1,0,Musical,,
67,Kimberly Akimbo,Booth Theatre,16-Oct-22,28-Apr-24,1,0,Musical,,
68,Walking with Ghosts,Music Box Theatre,23-Oct-22,20-Nov-22,1,0,Musical,,
69,& Juliet,Stephen Sondheim Theatre,30-Oct-22,,1,0,Musical,,O
70,Mike Birbiglia: The Old Man & the Pool,Vivian Beaumont Theater,30-Oct-22,15-Jan-23,1,0,Play,,
71,Take Me Out,Gerald Schoenfeld Theatre,16-Mar-26,04-Jan-04,2,1,Play,,S
72,"A Beautiful Noise, The Neil Diamond Musical",Broadhurst Theatre,06-Nov-22,30-Jun-24,1,0,Musical,,
73,Some Like It Hot,Sam S. Shubert Theatre,06-Nov-22,30-Dec-23,1,0,Musical,,
74,A Christmas Carol,Nederlander Theatre,23-Nov-22,01-Jan-23,6,1,Musical,,
75,Ain't No Mo',Belasco Theatre,13-Nov-22,23-Dec-22,1,0,Play,,
76,Ohio State Murders,James Earl Jones Theatre,12-Dec-22,15-Jan-23,1,0,Play,,
77,Between Riverside and Crazy,Hayes Theater,22-Dec-22,19-Feb-23,1,0,Play,,O
78,The Collaboration,Samuel J. Friedman Theatre,04-Dec-22,11-Feb-23,1,0,Play,,
79,Pictures From Home,Studio 54,15-Jan-23,30-Apr-23,1,0,Play,,
80,A Doll's House,Hudson Theatre,15-Mar-23,10-Jun-23,2,1,Play,,O
81,Bad Cinderella,Imperial Theatre,08-May-23,04-Jun-23,1,0,Musical,,
82,Parade,Bernard B. Jacobs Theatre,26-Feb-23,06-Aug-23,2,1,Musical,,
83,Sweeney Todd,Lunt-Fontanne Theatre,26-Feb-23,05-May-24,3,1,Musical,,
84,Dancin',Music Box Theatre,05-Mar-23,14-May-23,1,0,Musical,,
85,Camelot,Vivian Beaumont Theater,14-Apr-23,23-Jul-23,2,1,Musical,,
86,Life of Pi,Gerald Schoenfeld Theatre,04-Apr-23,23-Jul-23,1,0,Play,,O
87,Shucked,Nederlander Theatre,12-Mar-23,14-Jan-24,1,0,Musical,,
88,Jonas Brothers,Marquis Theatre,19-Mar-23,19-Mar-23,1,0,Concert,,
89,Peter Pan Goes Wrong,Ethel Barrymore Theatre,21-Jun-23,23-Jul-23,1,0,Play,,O
90,Fat Ham,American Airlines Theatre,24-Apr-23,02-Jul-23,1,0,Play,,O
91,"New York, New York",St. James Theatre,29-Apr-23,30-Jul-23,1,0,Musical,,
92,The Thanksgiving Play,Hayes Theater,26-Mar-23,11-Jun-23,1,0,Play,,O
93,"Good Night, Oscar",Belasco Theatre,09-Apr-23,27-Aug-23,1,0,Play,,
94,"Summer, 1976",Samuel J. Friedman Theatre,09-Apr-23,28-May-23,1,0,Play,,O
95,Prima Facie,John Golden Theatre,24-Apr-23,02-Jul-23,1,0,Play,,
96,Grey House,Lyceum Theatre,30-Apr-23,30-Jul-23,1,0,Play,,
97,The Sign in Sidney Brustein's Window,James Earl Jones Theatre,05-May-23,02-Jul-23,1,0,Play,,
98,Once Upon A One More Time,Marquis Theatre,24-Jun-23,03-Sep-23,1,0,Musical,,
99,Here Lies Love,Broadway Theatre,18-Jun-23,26-Nov-23,1,0,Musical,,
100,Just For Us,Hudson Theatre,25-Jun-23,19-Aug-23,1,0,Play,,
101,Back To The Future,Winter Garden Theatre,02-Jul-23,05-Jan-25,1,0,Musical,,
102,The Cottage,Hayes Theater,26-Jul-23,29-Oct-23,1,0,Play,,
103,The Shark is Broken,John Golden Theatre,14-Aug-23,19-Nov-23,1,0,Play,,O
104,El Mago Pop,Ethel Barrymore Theatre,20-Aug-23,27-Aug-23,1,0,Play,,
105,Purlie Victorious,Music Box Theatre,12-Oct-23,04-Feb-24,1,0,Play,,
106,Gutenberg! The Musical!,James Earl Jones Theatre,16-Oct-23,28-Jan-24,1,0,Musical,,
107,Jaja's African Hair Braiding,Samuel J. Friedman Theatre,03-Oct-23,19-Nov-23,1,0,Play,,
108,Melissa Etheridge: My Window,Circle in the Square Theatre,17-Sep-23,19-Nov-23,1,0,Musical,,
109,Merrily We Roll Along,Hudson Theatre,24-Sep-23,07-Jul-24,1,0,Musical,,
110,I Need That,American Airlines Theatre,15-Oct-23,30-Dec-23,1,0,Play,,O
111,Harmony,Ethel Barrymore Theatre,17-Jan-24,04-Feb-24,1,0,Musical,,
112,Spamalot,St. James Theatre,05-Nov-23,07-Apr-24,2,1,Musical,,
113,How to Dance in Ohio,Belasco Theatre,08-Jan-24,11-Feb-24,1,0,Musical,,
114,Appropriate,Belasco Theatre,15-Apr-24,30-Jun-24,1,0,Play,,
115,Prayer For The French Republic,Samuel J. Friedman Theatre,17-Jan-24,04-Feb-24,1,0,Play,,
116,Days Of Wine And Roses,Studio 54,01-Feb-24,31-Mar-24,1,0,Musical,,
117,Doubt,Todd Haimes Theatre,06-Mar-24,21-Apr-24,2,1,Play,,O
118,The Notebook,Gerald Schoenfeld Theatre,11-Feb-24,15-Dec-24,1,0,Musical,,
119,Water For Elephants,Imperial Theatre,30-Oct-24,08-Dec-24,1,0,Musical,,
120,An Enemy of the People,Circle in the Square Theatre,27-Mar-24,23-Jun-24,2,1,Play,,O
121,The Who's Tommy,Nederlander Theatre,10-Mar-24,21-Jul-24,2,1,Musical,,
122,The Outsiders,Bernard B. Jacobs Theatre,17-Mar-24,,1,0,Musical,,
123,Lempicka,Longacre Theatre,15-Apr-24,19-May-24,1,0,Musical,,
124,Hell's Kitchen,Sam S. Shubert Theatre,31-Mar-24,15-Jan-26,1,0,Musical,,
125,Suffs,Music Box Theatre,31-Mar-24,05-Jan-25,1,0,Musical,,
126,The Great Gatsby,Broadway Theatre,31-Mar-24,,1,0,Musical,,
127,The Heart of Rock and Roll,James Earl Jones Theatre,24-Apr-24,23-Jun-24,1,0,Musical,,
128,The Wiz,Marquis Theatre,18-Apr-24,18-Aug-24,1,0,Musical,,
129,Cabaret,August Wilson Theatre,07-Apr-24,21-Sep-25,4,1,Musical,,
130,Mary Jane,Samuel J. Friedman Theatre,25-Apr-24,30-Jun-24,1,0,Play,,O
131,Mother Play,Hayes Theater,29-Apr-24,16-Jun-24,1,0,Play,,
132,Patriots,Ethel Barrymore Theatre,01-May-24,23-Jun-24,1,0,Play,,
133,Stereophonic,John Golden Theatre,07-Apr-24,12-Jan-25,1,0,Play,,
134,Uncle Vanya,Vivian Beaumont Theater,25-Apr-24,16-Jun-24,3,1,Play,,O
135,Illinoise,St. James Theatre,10-May-24,10-Aug-24,1,0,Musical,,
136,Home,Todd Haimes Theatre,19-May-24,21-Jul-24,1,0,Play,,
137,Ben Platt: Live at the Palace,Palace Theatre,29-May-24,15-Jun-24,1,0,Concert,,
138,"Oh, Mary!",Lyceum Theatre,30-Jun-24,,1,0,Play,,O
139,JOB,Helen Hayes Theatre,05-Aug-24,27-Oct-24,1,0,Play,,O
140,Once Upon a Mattress,Hudson Theatre,14-Aug-24,30-Nov-24,2,1,Musical,,
141,The Roommate,Booth Theatre,21-Sep-24,15-Dec-24,1,0,Play,,
142,McNeal,Vivian Beaumont Theater,02-Oct-24,24-Nov-24,1,0,Play,,
143,The Hills of California,Broadhurst Theatre,15-Sep-24,22-Dec-24,1,0,Play,,
144,Yellow Face,Todd Haimes Theatre,07-Oct-24,24-Nov-24,1,0,Play,,O
145,Our Town,Ethel Barrymore Theatre,15-Oct-24,19-Jan-25,3,1,Play,,O
146,Left on Tenth,James Earl Jones Theatre,01-Nov-24,02-Feb-25,1,0,Play,,
147,Romeo and Juliet,Circle in the Square Theatre,12-Apr-27,31-May-87,2,1,Play,,O
148,Sunset Boulevard,St. James Theatre,29-Sep-24,20-Jul-25,3,1,Musical,,
149,A Wonderful World: The Louis Armstrong Musical,Studio 54,14-Nov-24,23-Feb-25,1,0,Musical,,
150,Maybe Happy Ending,Belasco Theatre,20-Oct-24,,1,0,Musical,,
151,Tammy Faye,Palace Theatre,20-Oct-24,08-Dec-24,1,0,Musical,,
152,Death Becomes Her,Lunt-Fontanne Theatre,27-Oct-24,28-Jun-26,1,0,Musical,,
153,Swept Away,Longacre Theatre,20-Nov-24,29-Dec-24,1,0,Musical,,
154,Elf,Marquis Theatre,21-Nov-24,04-Jan-25,3,1,Musical,,
155,Cult of Love,Hayes Theater,18-Dec-24,02-Feb-25,1,0,Play,,
156,Gypsy,Majestic Theatre,24-Nov-24,17-Aug-25,4,1,Musical,,
157,Eureka Day,Samuel J. Friedman Theatre,19-Dec-24,16-Feb-25,1,0,Play,,
158,All In: Comedy About Love,Hudson Theatre,15-Dec-24,16-Feb-25,1,0,Play,,
159,English,Todd Haimes Theatre,05-Jan-25,02-Mar-25,1,0,Play,,
160,Redwood,Nederlander Theatre,26-Jan-25,18-May-25,1,0,Musical,,
161,Operation Mincemeat,John Golden Theatre,16-Feb-25,,1,0,Musical,,
162,Buena Vista Social Club,Gerald Schoenfeld Theatre,23-Feb-25,,1,0,Musical,,
163,Othello,Ethel Barrymore Theatre,02-Mar-25,08-Jun-25,1,0,Play,,O
164,Purpose,Hayes Theater,02-Mar-25,31-Aug-25,1,0,Play,,
165,BOOP! The Musical,Broadhurst Theatre,16-Mar-25,13-Jul-25,1,0,Musical,,
166,Glengarry Glen Ross,Palace Theatre,02-Apr-25,28-Jun-25,3,1,Play,,O
167,"Good Night, and Good Luck",Winter Garden Theatre,25-Apr-25,08-Jun-25,1,0,Play,,O
168,Smash,Imperial Theatre,16-Mar-25,22-Jun-25,1,0,Musical,,
169,The Picture of Dorian Gray,Music Box Theatre,31-Mar-25,29-Jun-25,1,0,Play,,
170,John Proctor is the Villain,Booth Theatre,23-Mar-25,07-Sep-25,1,0,Play,,
171,The Last Five Years,Hudson Theatre,08-Apr-25,22-Jun-25,1,0,Musical,,
172,Floyd Collins,Vivian Beaumont Theater,30-Mar-25,22-Jun-25,1,0,Musical,,
173,Stephen Sondheim's Old Friends,Samuel J. Friedman Theatre,12-Apr-25,29-Jun-25,1,0,Musical,,
174,Stranger Things: The First Shadow,Marquis Theatre,30-Mar-25,03-Jan-27,1,0,Play,,O
175,Just in Time,Circle in the Square Theatre,06-Apr-25,,1,0,Musical,,
176,Pirates! The Penzance Musical,Todd Haimes Theatre,29-Apr-25,27-Jul-25,1,0,Musical,,
177,Real Women Have Curves,James Earl Jones Theatre,30-Apr-25,29-Jun-25,1,0,Musical,,
178,Dead Outlaw,Longacre Theatre,13-Apr-25,29-Jun-25,1,0,Musical,,
179,Call Me Izzy,Studio 54,13-Jun-25,24-Aug-25,1,0,Play,,
180,Mamma Mia!,Winter Garden Theatre,03-Aug-25,01-Feb-26,2,1,Musical,,
181,Jeff Ross: Take a Banana For the Ride,Nederlander Theatre,10-Aug-25,28-Sep-25,1,0,Play,,
182,Art,Music Box Theatre,24-Sep-25,21-Dec-25,2,1,Play,,
183,Punch,Samuel J. Friedman Theatre,07-Oct-25,02-Nov-25,1,0,Play,,
184,Waiting for Godot,Hudson Theatre,06-Oct-25,04-Jan-26,2,1,Play,,O
185,Ragtime,Vivian Beaumont Theater,28-Sep-25,16-Aug-26,3,1,Musical,,
186,Beetlejuice,Palace Theatre,08-Oct-25,03-Jan-26,3,1,Musical,,
187,Liberation,James Earl Jones Theatre,30-Oct-25,01-Feb-26,1,0,Play,,
188,Little Bear Ridge Road,Booth Theatre,31-Oct-25,21-Dec-25,1,0,Play,,O
189,The Queen of Versailles,St. James Theatre,10-Nov-25,21-Dec-25,1,0,Musical,,
190,Chess,Imperial Theatre,19-Oct-25,21-Jun-26,2,1,Musical,,
191,Oedipus,Studio 54,17-Nov-25,08-Feb-26,1,0,Play,,
192,Rob Lake Magic with Special Guests The Muppets,Broadhurst Theatre,02-Nov-25,16-Nov-25,1,0,Musical,,
193,Two Strangers (Carry a Cake Across New York),Longacre Theatre,02-Nov-25,,1,0,Musical,,
194,Marjorie Prime,Hayes Theater,23-Nov-25,15-Feb-26,1,0,Play,,
195,All Out: Comedy About Ambition,Nederlander Theatre,14-Dec-25,08-Mar-26,1,0,Play,,
196,Bug,Samuel J. Friedman Theatre,21-Dec-25,08-Mar-26,1,0,Play,,O
197,Every Brilliant Thing,Hudson Theatre,22-Feb-26,09-Aug-26,1,0,Play,,O
198,Death of a Salesman,Winter Garden Theatre,09-Apr-26,09-Aug-26,4,1,Play,,O
199,Dog Day Afternoon,August Wilson Theatre,01-Apr-26,12-Jul-26,1,0,Play,,O
200,Giant,Music Box Theatre,15-Mar-26,28-Jun-26,1,0,Play,,
201,Becky Shaw,Hayes Theater,22-Mar-26,14-Jun-26,1,0,Play,,O
202,Cats: The Jellicle Ball,Broadhurst Theatre,22-Mar-26,08-Aug-26,1,0,Musical,,
203,The Fear of 13,James Earl Jones Theatre,16-Apr-26,28-Jun-26,1,0,Play,,
204,"Beaches, A New Musical",Majestic Theatre,28-Apr-26,24-May-26,1,0,Musical,,
205,Fallen Angels,Todd Haimes Theatre,22-Apr-26,07-Jun-26,1,0,Play,,
206,The Lost Boys,Palace Theatre,29-Mar-26,,1,0,Musical,,
207,The Rocky Horror Show,Studio 54,29-Mar-26,,2,1,Musical,,
208,Titaníque,St. James Theatre,12-Apr-26,20-Sep-26,1,0,Musical,,
209,Joe Turner's Come and Gone,Ethel Barrymore Theatre,05-Apr-26,26-Jul-26,3,1,Play,,O
210,Proof,Booth Theatre,20-Apr-26,19-Jul-26,2,1,Play,,O
211,Schmigadoon!,Nederlander Theatre,05-Apr-26,03-Jan-27,1,0,Musical,,
212,The Balusters,Samuel J. Friedman Theatre,27-Apr-26,21-Jun-26,1,0,Play,,
213,Celebrity Autobiography,Sam S. Shubert Theatre,17-May-26,21-Jun-26,2,1,Comedy,,
214,Paranormal Activity,August Wilson Theatre,16-Aug-26,,1,0,Play,,
